connector,headline,sub_headline,category,sub_category
1,आतंकवाद को धर्म या समुदाय से न जोड़ें: सुषमा स्वराज,इतना खतरनाक है नॉर्थ कोरिया का नया मिसाइल,आतंकवाद को धर्म या समुदाय से न जोड़ें: सुषमा स्वराज,इतना खतरनाक है नॉर्थ कोरिया का नया मिसाइल
2,आतंकवाद को धर्म या समुदाय से न जोड़ें: सुषमा स्वराज,दोषी नेता को पार्टी बनाने से नहीं रोक सकते: SC,आतंकवाद को धर्म या समुदाय से न जोड़ें: सुषमा स्वराज,दोषी नेता को पार्टी बनाने से नहीं रोक सकते: SC
3,आतंकवाद को धर्म या समुदाय से न जोड़ें: सुषमा स्वराज,फ्लाइट में हुई जकरबर्ग की बहन से छेड़खानी,आतंकवाद को धर्म या समुदाय से न जोड़ें: सुषमा स्वराज,फ्लाइट में हुई जकरबर्ग की बहन से छेड़खानी
4,आतंकवाद को धर्म या समुदाय से न जोड़ें: सुषमा स्वराज,NIA ने दिल्ली में पकड़ा मणिपुर का आतंकवादी,आतंकवाद को धर्म या समुदाय से न जोड़ें: सुषमा स्वराज,NIA ने दिल्ली में पकड़ा मणिपुर का आतंकवादी
5,आतंकवाद को धर्म या समुदाय से न जोड़ें: सुषमा स्वराज,दिल्ली: कम हुआ प्रदूषण लेकिन खतरा बरकरार,आतंकवाद को धर्म या समुदाय से न जोड़ें: सुषमा स्वराज,दिल्ली: कम हुआ प्रदूषण लेकिन खतरा बरकरार
6,आतंकवाद को धर्म या समुदाय से न जोड़ें: सुषमा स्वराज,बंद हो जाएंगे 300 प्राइवेट इंजिनियरिंग कॉलेज?,आतंकवाद को धर्म या समुदाय से न जोड़ें: सुषमा स्वराज,बंद हो जाएंगे 300 प्राइवेट इंजिनियरिंग कॉलेज?
7,आतंकवाद को धर्म या समुदाय से न जोड़ें: सुषमा स्वराज,दिल्ली के युवाओं को ऐसे रिझा रही है बीजेपी,आतंकवाद को धर्म या समुदाय से न जोड़ें: सुषमा स्वराज,दिल्ली के युवाओं को ऐसे रिझा रही है बीजेपी
8,आतंकवाद को धर्म या समुदाय से न जोड़ें: सुषमा स्वराज,मुंबई: तेजी से घट रहे हैं एचआईवी के मामले,आतंकवाद को धर्म या समुदाय से न जोड़ें: सुषमा स्वराज,मुंबई: तेजी से घट रहे हैं एचआईवी के मामले
9,आतंकवाद को धर्म या समुदाय से न जोड़ें: सुषमा स्वराज,"यूपी में खिला कमल, गुजरात में मिलेगी मदद?",आतंकवाद को धर्म या समुदाय से न जोड़ें: सुषमा स्वराज,"यूपी में खिला कमल, गुजरात में मिलेगी मदद?"
10,आतंकवाद को धर्म या समुदाय से न जोड़ें: सुषमा स्वराज,"चीन से खतरा, भारत बना रहा ऐटमी पनडुब्बी",आतंकवाद को धर्म या समुदाय से न जोड़ें: सुषमा स्वराज,"चीन से खतरा, भारत बना रहा ऐटमी पनडुब्बी"
11,आतंकवाद को धर्म या समुदाय से न जोड़ें: सुषमा स्वराज,US ने डर्टी फ्यूल से भारत को बनाया 'डस्टबिन',आतंकवाद को धर्म या समुदाय से न जोड़ें: सुषमा स्वराज,US ने डर्टी फ्यूल से भारत को बनाया 'डस्टबिन'
12,आतंकवाद को धर्म या समुदाय से न जोड़ें: सुषमा स्वराज,"मसौदा तैयार, 3 तलाक पर 3 साल की जेल?",आतंकवाद को धर्म या समुदाय से न जोड़ें: सुषमा स्वराज,"मसौदा तैयार, 3 तलाक पर 3 साल की जेल?"
13,आतंकवाद को धर्म या समुदाय से न जोड़ें: सुषमा स्वराज,"भारत के लिए चिंता, चीनी चाल में फंसा मालदीव?",आतंकवाद को धर्म या समुदाय से न जोड़ें: सुषमा स्वराज,"भारत के लिए चिंता, चीनी चाल में फंसा मालदीव?"
14,आतंकवाद को धर्म या समुदाय से न जोड़ें: सुषमा स्वराज,HWL फाइनल: भारत-ऑस्ट्रेलिया के बीच मैच ड्रॉ,आतंकवाद को धर्म या समुदाय से न जोड़ें: सुषमा स्वराज,HWL फाइनल: भारत-ऑस्ट्रेलिया के बीच मैच ड्रॉ
15,आतंकवाद को धर्म या समुदाय से न जोड़ें: सुषमा स्वराज,"फीफा वर्ल्ड कप का निकला ड्रॉ, देखें कौन कहां",आतंकवाद को धर्म या समुदाय से न जोड़ें: सुषमा स्वराज,"फीफा वर्ल्ड कप का निकला ड्रॉ, देखें कौन कहां"
16,आतंकवाद को धर्म या समुदाय से न जोड़ें: सुषमा स्वराज,'चीन के इस कदम से ग्वादर पोर्ट होगा चुनौती',आतंकवाद को धर्म या समुदाय से न जोड़ें: सुषमा स्वराज,'चीन के इस कदम से ग्वादर पोर्ट होगा चुनौती'
17,आतंकवाद को धर्म या समुदाय से न जोड़ें: सुषमा स्वराज, अन्य खबरें >>,आतंकवाद को धर्म या समुदाय से न जोड़ें: सुषमा स्वराज, अन्य खबरें >>
